사업자 등록번호,276-88-01467,중소기업확인서 번호,0010-2025-356786,,https://www.pikurate.com/,,,
법인 등록번호,110111-7222964,,,,,,,
등록일,2019년 9월 3일,2019-09-03,,,,,,
회사 태그라인,지식 큐레이션,,,,,,,
회사 슬로건,무한히 확장하는 지식의 우주,,,,,,,
주주,,,,,,,,
사업자 주소,서울특별시 강남구 논현로 135길 29(논현동) 4층,,,06045,,,,
대표자 주소,"인천광역시 중구 개항로45번길 39, 201호",,,22316,,,,
,세종특별자치시 국책연구원1로 15 (소담동 521) 새샘마을 9단지 세종중흥S클래스리버뷰 909동 801호,,,,,,,
,서울특별시 마포구 마포대로 122 프론트원 18층 피큐레잇,,,04213,,,,
,"경기 김포시 김포한강10로133번길 127 (구래동) 한강신도시 디원시티 3층 311,312호 Room 112 주식회사 피큐레잇 ",,,,10071,,,
,"Hangang-sindosi D-one city 3rd floor 311,312, room 112 Pikurate 127, Gimpohangang 10-ro 133beon-gil, Gimpo-si, Gyeonggi-do, Republic of Korea 10071 ",,,,,,,
,경기도 김포시 마산동 638-4 한강신도시 동일스위트 더파크뷰 1단지 605동 1304호   ,,,10068,,,,
,"173-88, Gimpohangang 8-ro, Gimpo-si, Gyeonggi-do, Republic of Korea",,,10068,,,,
,"122, Mapo-daero, Mapo-gu, Seoul, Republic of Korea",,,,,,,
,서울시 마포구 마포대로 114(공덕동) IBK기업은행 마포지점 5층 피큐레잇 ,,,04213,"공덕역 4번출구 나온 반대 방향 프론트원 옆에 기업은행 건물 5층 (4시 이후에는 카드 있어야 입장 가능, 전화요망)",,,
,"5fh floor Pikurate, 114, Mapo-daero, Mapo-gu, Seoul, Republic of Korea",,,04213,,,,
,"제주특별자치도 서귀포시 돈내코로 172, 라비아제주 304호 (상효동)",,,63582,,,,
,"172, Donnaeko-ro, Seogwipo-si, Jeju-do, Republic of Korea",,,63582,,,,
,경기도 김포시 마산동 638-4 한강신도시 동일스위트 더파크뷰 1단지 605동1304호,,,10068,,,,
,"경기도 김포시 김포한강8로 410, 1001호",,,10071,,,,
,"Room 1001 410, Gimpohangang 8-ro, Gimpo-si, Gyeonggi-do, Republic of Korea
",,,10071,,,,
,48보5508,,,,,,,
업태,정보통신업,,,,,,,
종목,온라인 정보 제공업,,,,,,,
특허고객번호,송석규,한국,10-2019-7025624,향상된 온라인 리서치를 위한 시스템 및 방법,,,,2019.08.30
,Seokkue Song,미국,15882913,SYSTEM AND METHODS FOR ENHANCED ONLINE RESEARCH,,,,2018.01.29
,Seokkue Song,중국,PCT/US2108/015750,SYSTEM AND METHODS FOR ENHANCED ONLINE RESEARCH,,,,2019.07.30
,송석규 박성혁,한국,10-2021-0043193,북마크 이력 기반의 개인화된 콘텐츠 큐레이션 시스템 및 콘텐츠 제안 방법,,,,2021.04.02
,송석규 김민주 조재구,한국,10-2021-0146651,웹사이트 북마크 추천 방법 및 시스템 ,,,,2021.10.29
,Seokkue Song,미국,"continuation of 15/882,913",SYSTEM AND METHODS FOR ENHANCED ONLINE RESEARCH,,,,2021.11.29
,,,,,,,,
지적재산권 출원인 코드번호,,1-2020-014440-6,,,,,,
과학 기술인번호 (연구원번호),12555772,,,,,,,
팩스번호,02-6959-9851,전화,02-2031-5794,0507-1340-6102,,,,
홈페이지,https://www.pikurate.com/,,,,,,,
유튜브,https://www.youtube.com/channel/UC4sKkcgWwe6tiI7Rp4jU_UA,,,,,,,
,,,,,,,,
산업분류명1,산업분류명2,산업분류명3,산업분류명4,산업분류명5,,,,
"출판, 영상, 방송통신 및 정보서비스업",정보서비스업,"자료처리 호스팅, 포털및 기타 인터넷 정보매게 서비스업",포털 및 기타 인터넷 정보매게 서비스업,포털 및 기타 인터넷 정보매게 서비스업,,,,
정보통신업,정보서비스업,"자료처리 호스팅, 포털및 기타 인터넷 정보매게 서비스업",포털 및 기타 인터넷 정보매게 서비스업,포털 및 기타 인터넷 정보매게 서비스업,,,,
사업 아이템,AI 기반의 인터넷 지식 관리 플랫폼,,,,,,,
,,,,,,,,
기업은행,주식회사 피큐레잇,047-116828-01-015,이체할때 주로 쓰는 계좌 260120,,,,,
우리은행,(주)피큐레잇,1005-403-816944,,,,,,
신한은행,(주)피큐레잇,100-034-653798,,,,,,
우리은행,송석규,1002-640-064274  ,,,,,,
농협,송석규,312-0213-0910-11,https://drive.google.com/file/d/1LLLHd3O8R_L5OaEvD008UMF5UArtjwSy/view?usp=sharing,,,,,
신한은행,사물함,8136,,,,,,
우리은행 법인 카드,5532-0800-0118-3902 ,09/24,721,,,,,
2024년9월2일 기준 사용중인 법인카드 우리은행 마스터,,5532-0800-1231-6491,09/29,574,Pikurate SEOKKUE SONG,,,
우리은행 법인 카드 (2024.05.13 신규),5532-0800-1231-6491,09/29,574,신규카드 쓰는 날로 부터 90일 이후 기존 카드 종료됨 / 신규카드 별도 등록 필요 없음,,,,
개인통관고유번호,P811151508155,,,,,,,
우리비즈 비자카드,4211-2000-1088-5153,09/29,847,Pikurate Seokkue Song,,,,
우리 개인카드,4902-2082-4194-0592,06/27,805,,,,,
,"링크를 기반으로 지식을 확장하는 소셜 네트워크 플랫폼 / 링크를 선별해 저장, 정리하고 쉽게 공유하며 수익활동 까지도 한곳에서 할 수 있는 지식 큐레이션 플랫폼",,,,,,,
,48보5508,,,,,,,
,161하1268,,,,,,,
,,,,,,,,
하나은행,송정우,0106-240038-0707,,,,,,
,,,,,,,,
ibk기업은행 동반성장카드 한도 500,Pikurate,4140030794986919,11/26,379,,,,